{
    "training": {
        "policy_loss": [
            5.010465145111084,
            3.9645469188690186,
            3.648738384246826,
            3.4967105388641357,
            3.4132773876190186,
            3.278329610824585,
            3.1966094970703125,
            3.135793447494507,
            3.1026463508605957,
            3.020968437194824,
            3.0403354167938232,
            3.0294981002807617,
            2.996285915374756,
            2.993384599685669,
            2.9859492778778076,
            2.938161849975586,
            2.937140703201294,
            2.9280002117156982,
            2.896923542022705,
            2.8691458702087402,
            2.8608696460723877,
            2.855009078979492,
            2.879011392593384,
            2.865809917449951,
            2.835439920425415
        ],
        "value_loss": [
            0.6978749632835388,
            0.6908108592033386,
            0.6893503665924072,
            0.6896690726280212,
            0.6901140213012695,
            0.6885441541671753,
            0.687744140625,
            0.6894291639328003,
            0.6882360577583313,
            0.6891816258430481,
            0.6878517866134644,
            0.6881359219551086,
            0.6868478655815125,
            0.6879743933677673,
            0.68680340051651,
            0.6870440244674683,
            0.6871487498283386,
            0.6888736486434937,
            0.6878772974014282,
            0.6879446506500244,
            0.6871882081031799,
            0.6876944303512573,
            0.6879000663757324,
            0.6863466501235962,
            0.6877102255821228
        ],
        "policy_accuracy": [
            0.06920000165700912,
            0.18320000171661377,
            0.22439999878406525,
            0.24140000343322754,
            0.25119999051094055,
            0.2678000032901764,
            0.28200000524520874,
            0.2888000011444092,
            0.29490000009536743,
            0.30979999899864197,
            0.3028999865055084,
            0.3028999865055084,
            0.30480000376701355,
            0.30880001187324524,
            0.30390000343322754,
            0.320499986410141,
            0.3190999925136566,
            0.3095000088214874,
            0.3260999917984009,
            0.3296999931335449,
            0.3312999904155731,
            0.3269999921321869,
            0.3222000002861023,
            0.3280999958515167,
            0.3361000120639801
        ],
        "value_accuracy": [
            0.12167488783597946,
            0.12018869817256927,
            0.11905178427696228,
            0.11979065090417862,
            0.1200280487537384,
            0.11968580633401871,
            0.11894220113754272,
            0.11907602846622467,
            0.11870090663433075,
            0.1224973127245903,
            0.11819670349359512,
            0.11878123879432678,
            0.11741667240858078,
            0.11792740225791931,
            0.11882459372282028,
            0.11971575766801834,
            0.11858178675174713,
            0.11908859014511108,
            0.1175682470202446,
            0.11862402409315109,
            0.1184581071138382,
            0.1194550171494484,
            0.11953680217266083,
            0.11880142986774445,
            0.12104742228984833
        ]
    },
    "validation": {
        "policy_loss": [
            3.397291898727417,
            3.152000665664673,
            2.961366653442383,
            2.871607780456543,
            2.8057122230529785
        ],
        "value_loss": [
            0.6902847290039062,
            0.689004123210907,
            0.6879944801330566,
            0.6874842047691345,
            0.6868743896484375
        ],
        "policy_accuracy": [
            0.266400009393692,
            0.287200003862381,
            0.3215999901294708,
            0.33169999718666077,
            0.33649998903274536
        ],
        "value_accuracy": [
            0.11903564631938934,
            0.11839869618415833,
            0.11789510399103165,
            0.11764034628868103,
            0.11734260618686676
        ]
    }
}