{
    "training": {
        "policy_loss": [
            4.777665615081787,
            3.748129367828369,
            3.4970967769622803,
            3.400615930557251,
            3.3452956676483154,
            3.235589027404785,
            3.1705477237701416,
            3.0956180095672607,
            3.0687735080718994,
            2.9967572689056396,
            3.02402663230896,
            3.0107674598693848,
            2.963946580886841,
            2.9722933769226074,
            2.9771816730499268,
            2.927947998046875,
            2.925163984298706,
            2.9284186363220215,
            2.881246328353882,
            2.8866591453552246,
            2.866414785385132,
            2.861767292022705,
            2.8785152435302734,
            2.8693032264709473,
            2.8352813720703125
        ],
        "value_loss": [
            0.697171688079834,
            0.6927725672721863,
            0.6909964084625244,
            0.6894859671592712,
            0.689475417137146,
            0.6885817646980286,
            0.6869494915008545,
            0.6888538599014282,
            0.6891568899154663,
            0.6885175108909607,
            0.6879302859306335,
            0.6878238916397095,
            0.6865326762199402,
            0.6876648664474487,
            0.6865219473838806,
            0.6865230202674866,
            0.6873606443405151,
            0.687995433807373,
            0.6862724423408508,
            0.6877254247665405,
            0.6867585182189941,
            0.6870193481445312,
            0.6874058842658997,
            0.6860190629959106,
            0.6869820952415466
        ],
        "policy_accuracy": [
            0.0892999991774559,
            0.20080000162124634,
            0.2321999967098236,
            0.2451000064611435,
            0.25459998846054077,
            0.26339998841285706,
            0.2761000096797943,
            0.2867000102996826,
            0.29760000109672546,
            0.3041999936103821,
            0.3012000024318695,
            0.30790001153945923,
            0.31279999017715454,
            0.31119999289512634,
            0.31119999289512634,
            0.32109999656677246,
            0.3199000060558319,
            0.3140999972820282,
            0.3255999982357025,
            0.319599986076355,
            0.3237999975681305,
            0.31859999895095825,
            0.323199987411499,
            0.32359999418258667,
            0.3294000029563904
        ],
        "value_accuracy": [
            0.12155088782310486,
            0.12120264023542404,
            0.11989676207304001,
            0.11971214413642883,
            0.11973462998867035,
            0.11971158534288406,
            0.11856650561094284,
            0.11879435926675797,
            0.11916323006153107,
            0.12217757850885391,
            0.11824146658182144,
            0.11863304674625397,
            0.11726608872413635,
            0.11777882277965546,
            0.1186990812420845,
            0.11947134882211685,
            0.11869607120752335,
            0.11865848302841187,
            0.1167808249592781,
            0.11851954460144043,
            0.1182534322142601,
            0.1191198006272316,
            0.11929533630609512,
            0.11863985657691956,
            0.12068820744752884
        ]
    },
    "validation": {
        "policy_loss": [
            3.2958157062530518,
            3.0522725582122803,
            2.9642815589904785,
            2.851862668991089,
            2.8303518295288086
        ],
        "value_loss": [
            0.6881224513053894,
            0.6880134344100952,
            0.6885660290718079,
            0.6863440871238708,
            0.6873345971107483
        ],
        "policy_accuracy": [
            0.2687000036239624,
            0.30570000410079956,
            0.31610000133514404,
            0.33009999990463257,
            0.3337000012397766
        ],
        "value_accuracy": [
            0.11796557903289795,
            0.11790971457958221,
            0.118186816573143,
            0.11707790195941925,
            0.11757124960422516
        ]
    }
}