{
    "training": {
        "policy_loss": [
            4.847438335418701,
            3.8487637042999268,
            3.555666446685791,
            3.4366133213043213,
            3.347259283065796,
            3.238215923309326,
            3.167583703994751,
            3.0882232189178467,
            3.056952714920044,
            2.985334873199463,
            3.0227904319763184,
            2.996760845184326,
            2.965606927871704,
            2.963655948638916,
            2.9661686420440674,
            2.919339418411255,
            2.9139790534973145,
            2.9134521484375,
            2.872047185897827,
            2.866715908050537,
            2.851684331893921,
            2.842397689819336,
            2.867295980453491,
            2.8546266555786133,
            2.8257510662078857
        ],
        "value_loss": [
            0.6967601180076599,
            0.692368745803833,
            0.6899774670600891,
            0.6899523735046387,
            0.6904794573783875,
            0.6884498000144958,
            0.6876802444458008,
            0.6895807981491089,
            0.6892119646072388,
            0.6897174119949341,
            0.6890299916267395,
            0.6876040697097778,
            0.687375009059906,
            0.6881994605064392,
            0.6875655651092529,
            0.6875619888305664,
            0.6877878904342651,
            0.6872825622558594,
            0.6872783303260803,
            0.6873098015785217,
            0.6859136819839478,
            0.6866990923881531,
            0.6867220997810364,
            0.6851708292961121,
            0.6852297782897949
        ],
        "policy_accuracy": [
            0.08810000121593475,
            0.19539999961853027,
            0.2354000061750412,
            0.24950000643730164,
            0.26190000772476196,
            0.271699994802475,
            0.2858000099658966,
            0.28999999165534973,
            0.2969000041484833,
            0.31310001015663147,
            0.3073999881744385,
            0.305400013923645,
            0.31310001015663147,
            0.31470000743865967,
            0.30869999527931213,
            0.32749998569488525,
            0.32280001044273376,
            0.314300000667572,
            0.3260999917984009,
            0.32989999651908875,
            0.33160001039505005,
            0.3292999863624573,
            0.3249000012874603,
            0.3278999924659729,
            0.3343999981880188
        ],
        "value_accuracy": [
            0.12117218226194382,
            0.12094022333621979,
            0.11937478929758072,
            0.11993976682424545,
            0.12022235989570618,
            0.11963590234518051,
            0.11890750378370285,
            0.11914921551942825,
            0.1191791519522667,
            0.12276334315538406,
            0.11878100782632828,
            0.1185157373547554,
            0.11768358200788498,
            0.1180400624871254,
            0.11920953541994095,
            0.11997704952955246,
            0.11890015006065369,
            0.11830800771713257,
            0.11726826429367065,
            0.1183125227689743,
            0.1178264394402504,
            0.11896432936191559,
            0.11894728988409042,
            0.1182313859462738,
            0.11983564496040344
        ]
    },
    "validation": {
        "policy_loss": [
            3.2987425327301025,
            3.0531249046325684,
            2.921640157699585,
            2.8622310161590576,
            2.797780752182007
        ],
        "value_loss": [
            0.6936591267585754,
            0.6915336847305298,
            0.6880249977111816,
            0.6883079409599304,
            0.6836191415786743
        ],
        "policy_accuracy": [
            0.26930001378059387,
            0.30959999561309814,
            0.3237000107765198,
            0.335099995136261,
            0.33880001306533813
        ],
        "value_accuracy": [
            0.12067805230617523,
            0.11963720619678497,
            0.11790481954813004,
            0.11802253127098083,
            0.11575479805469513
        ]
    }
}